{"cameraMode":{"drawMode":0,"name":"Shaded","section":"Shading Mode"},"sceneLighting":true,"audioPlay":false,"sceneViewState":{"m_AlwaysRefresh":false,"showFog":true,"showSkybox":true,"showFlares":true,"showImageEffects":true,"showParticleSystems":true,"showVisualEffectGraphs":true,"m_FxEnabled":true},"in2DMode":false,"pivot":{"x":-0.22754830121994019,"y":0.31427326798439028,"z":-0.5798739790916443},"rotation":{"x":-0.14011354744434358,"y":0.6061347723007202,"z":-0.10955291986465454,"w":-0.775222659111023},"size":1.6760039329528809,"orthographic":false}